frequencies,walking_type
0.8813029897367244,uphill
1.6044776119402968,uphill
0.8467518045530262,uphill
0.8630609896432659,uphill
0.8537886872998932,uphill
0.8463870641738218,uphill
0.8755880815473063,uphill
0.9170428893905189,uphill
0.9168241965973536,uphill
0.8757062146892665,uphill
1.6713468141930576,uphill
0.85301837270341,uphill
0.8009708737864081,uphill
0.8106355382619981,uphill
0.840978593272169,uphill
